#, r (kpc), density (M_sol/kpc^3)
1, 0, 0
2, 0.01, 0
3, 0.02, 0
4, 0.03, 0
5, 0.04, 0
6, 0.05, 0
7, 0.06, 812015
8, 0.07, 621699
9, 0.08, 491219
10, 0.09, 397887
11, 0.1, 0
12, 0.11, 276311
13, 0.12, 941745
14, 0.13, 609011
15, 0.14, 176839
16, 0.15, 0
17, 0.16, 275355
18, 0.17, 368414
19, 0.18, 110218
20, 0.19, 0
21, 0.2, 180448
22, 0.21, 246624
23, 0.22, 300860
24, 0.23, 0
25, 0.24, 509296
26, 0.25, 235436
27, 0.26, 491219
28, 0.27, 456758
29, 0.28, 189245
30, 0.29, 265258
31, 0.3, 165614
32, 0.31, 271993
33, 0.32, 365369
34, 0.33, 240935
35, 0.34, 129922
36, 0.35, 460518
37, 0.36, 145320
38, 0.37, 275545
39, 0.38, 261596
40, 0.39, 174076
41, 0.4, 189357
42, 0.41, 225560
43, 0.42, 215191
44, 0.43, 184968
45, 0.44, 157190
46, 0.45, 244449
47, 0.46, 252169
48, 0.47, 276311
49, 0.48, 298291
50, 0.49, 254648
51, 0.5, 260057
52, 0.51, 206007
53, 0.52, 240800
54, 0.53, 204675
55, 0.54, 302526
56, 0.55, 329881
57, 0.56, 171450
58, 0.57, 141934
59, 0.58, 171454
60, 0.59, 221049
61, 0.6, 235246
62, 0.61, 269123
63, 0.62, 240597
64, 0.63, 184567
65, 0.64, 254271
66, 0.65, 219222
67, 0.66, 239317
68, 0.67, 223726
69, 0.68, 183859
70, 0.69, 227364
71, 0.7, 221005
72, 0.71, 214908
73, 0.72, 179195
74, 0.73, 196183
75, 0.74, 169765
76, 0.75, 165327
77, 0.76, 181193
78, 0.77, 156958
79, 0.78, 121132
80, 0.79, 211378
81, 0.8, 169804
82, 0.81, 201192
83, 0.82, 155944
84, 0.83, 107141
85, 0.84, 132170
86, 0.85, 150633
87, 0.86, 183988
88, 0.87, 159278
89, 0.88, 150696
90, 0.89, 117893
91, 0.9, 124925
92, 0.91, 122224
93, 0.92, 87407.3
94, 0.93, 139594
95, 0.94, 96991.9
96, 0.95, 82029.7
97, 0.96, 114177
98, 0.97, 136717
99, 0.98, 93372.2
100, 0.99, 103451
101, 1, 124815
102, 1.01, 126204
103, 1.02, 75009.4
104, 1.03, 88288.6
105, 1.04, 72179.1
106, 1.05, 134565
107, 1.06, 107734
108, 1.07, 78458.6
109, 1.08, 83723.5
110, 1.09, 85496.5
111, 1.1, 71045.5
112, 1.11, 107846
113, 1.12, 90365.2
114, 1.13, 64293.9
115, 1.14, 90258
116, 1.15, 100536
117, 1.16, 90105.3
118, 1.17, 102872
119, 1.18, 64624
120, 1.19, 77367
121, 1.2, 67940.6
122, 1.21, 74851.2
123, 1.22, 44709.4
124, 1.23, 36228
125, 1.24, 48383.1
126, 1.25, 62655.5
127, 1.26, 51805
128, 1.27, 60712.8
129, 1.28, 52602.1
130, 1.29, 75339.6
131, 1.3, 44052.6
132, 1.31, 50238.3
133, 1.32, 44987
134, 1.33, 50965.7
135, 1.34, 52396.7
136, 1.35, 53780.2
137, 1.36, 42398.4
138, 1.37, 54321.9
139, 1.38, 53543.1
140, 1.39, 30450.6
141, 1.4, 40026.9
142, 1.41, 45384.9
143, 1.42, 42806.6
144, 1.43, 40295.3
145, 1.44, 51096.1
146, 1.45, 52265.2
147, 1.46, 36826.1
148, 1.47, 41779.6
149, 1.48, 41220.7
150, 1.49, 45978.1
151, 1.5, 31410.8
152, 1.51, 30998.8
153, 1.52, 40793.3
154, 1.53, 40265.2
155, 1.54, 41403.5
156, 1.55, 27794.6
157, 1.56, 33898.5
158, 1.57, 31876.9
159, 1.58, 42494.2
160, 1.59, 31084.9
161, 1.6, 33770
162, 1.61, 39418.8
163, 1.62, 31448.8
164, 1.63, 22190.3
165, 1.64, 43844.3
166, 1.65, 30322.4
167, 1.66, 42800.5
168, 1.67, 28195
169, 1.68, 30648.5
170, 1.69, 31665.8
171, 1.7, 24492.9
172, 1.71, 28243.8
173, 1.72, 33235.9
174, 1.73, 31540.8
175, 1.74, 24685.3
176, 1.75, 20552
177, 1.76, 36830.8
178, 1.77, 30139.2
179, 1.78, 32287
180, 1.79, 25789
181, 1.8, 20646.8
182, 1.81, 31231.3
183, 1.82, 27326.6
184, 1.83, 29380.9
185, 1.84, 29064.1
186, 1.85, 19551.6
187, 1.86, 25032.2
188, 1.87, 23640.9
189, 1.88, 22277.5
190, 1.89, 27554.5
191, 1.9, 21813.4
192, 1.91, 34538.8
193, 1.92, 22431.8
194, 1.93, 27487.2
195, 1.94, 26159.6
196, 1.95, 22786.1
197, 1.96, 20504.9
198, 1.97, 29432.5
199, 1.98, 22104.3
200, 1.99, 16910.2
201, 2, 21666.6
202, 2.01, 21452.6
203, 2.02, 33793.7
204, 2.03, 23902.3
205, 2.04, 24616.5
206, 2.05, 22502.8
207, 2.06, 13928.7
208, 2.07, 16554.1
209, 2.08, 25505
210, 2.09, 18947
211, 2.1, 24130.1
212, 2.11, 19476.5
213, 2.12, 14909
214, 2.13, 20851.8
215, 2.14, 18076
216, 2.15, 16203.4
217, 2.16, 15209.4
218, 2.17, 21768.1
219, 2.18, 15762.5
220, 2.19, 19730
221, 2.2, 28513
222, 2.21, 10495.4
223, 2.22, 19202.7
224, 2.23, 13480.7
225, 2.24, 20434.7
226, 2.25, 16359.2
227, 2.26, 13898.9
228, 2.27, 13777.3
229, 2.28, 16692.1
230, 2.29, 15795.2
231, 2.3, 17895.6
232, 2.31, 15524
233, 2.32, 23453
234, 2.33, 17439.7
235, 2.34, 15850.7
236, 2.35, 13573.4
237, 2.36, 17709.4
238, 2.37, 8429.22
239, 2.38, 14628
240, 2.39, 11743.2
241, 2.4, 18496.5
242, 2.41, 8832.28
243, 2.42, 9433.56
244, 2.43, 9356.39
245, 2.44, 11931.6
246, 2.45, 13807.3
247, 2.46, 17608.8
248, 2.47, 7763.15
249, 2.48, 16043.6
250, 2.49, 13369
251, 2.5, 15157.4
252, 2.51, 10024.9
253, 2.52, 11189
254, 2.53, 15418.2
255, 2.54, 12849.9
256, 2.55, 13356.8
257, 2.56, 9036.19
258, 2.57, 10161.8
259, 2.58, 14235.5
260, 2.59, 17657.7
261, 2.6, 14018.1
262, 2.61, 11013.1
263, 2.62, 8628.59
264, 2.63, 11988.7
265, 2.64, 11898.4
266, 2.65, 12371.4
267, 2.66, 12837.1
268, 2.67, 4431.8
269, 2.68, 12097
270, 2.69, 11461.8
271, 2.7, 9752.01
272, 2.71, 6453.62
273, 2.72, 9609.65
274, 2.73, 16959.3
275, 2.74, 8944.24
276, 2.75, 14625.1
277, 2.76, 8815.55
278, 2.77, 10296.8
279, 2.78, 8689.62
280, 2.79, 10657.7
281, 2.8, 11085.9
282, 2.81, 7004.71
283, 2.82, 6458.48
284, 2.83, 7399.71
285, 2.84, 12246.5
286, 2.85, 5837.26
287, 2.86, 7245.82
288, 2.87, 8634.71
289, 2.88, 6193.1
290, 2.89, 11827.8
291, 2.9, 7987.72
292, 2.91, 7933.11
293, 2.92, 11123.4
294, 2.93, 10127.2
295, 2.94, 9601.42
296, 2.95, 9536.65
297, 2.96, 13532.2
298, 2.97, 9857.13
299, 2.98, 8456.12
300, 2.99, 10168.2
301, 3, 9661.62
302, 3.01, 6543.91
303, 3.02, 6067.4
304, 3.03, 9041.33
305, 3.04, 8554.42
306, 3.05, 6373.95
307, 3.06, 8443.32
308, 3.07, 7549.73
309, 3.08, 10418
310, 3.09, 9522.8
311, 3.1, 4525.14
312, 3.11, 6539.9
313, 3.12, 8528.86
314, 3.13, 5649.75
315, 3.14, 8019.9
316, 3.15, 9961.53
317, 3.16, 5147.37
318, 3.17, 7082.37
319, 3.18, 6256.03
320, 3.19, 5828.43
321, 3.2, 6564.46
322, 3.21, 7291.25
323, 3.22, 6864.8
324, 3.23, 9096.65
325, 3.24, 7910.66
326, 3.25, 7862.2
327, 3.26, 9302.61
328, 3.27, 4438.07
329, 3.28, 7719.47
330, 3.29, 6942.02
331, 3.3, 10531.8
332, 3.31, 5053.73
333, 3.32, 5023.42
334, 3.33, 10343.4
335, 3.34, 5672.71
336, 3.35, 6343.87
337, 3.36, 5955.93
338, 3.37, 5920.74
339, 3.38, 3808.5
340, 3.39, 5851.28
341, 3.4, 6159.19
342, 3.41, 4422.33
343, 3.42, 8116.77
344, 3.43, 4707.29
345, 3.44, 5682.91
346, 3.45, 3323.59
347, 3.46, 5948.04
348, 3.47, 3942.6
349, 3.48, 6860.07
350, 3.49, 5521.7
351, 3.5, 4844.37
352, 3.51, 4495.76
353, 3.52, 3193.09
354, 3.53, 3492.58
355, 3.54, 5682.98
356, 3.55, 4395.3
357, 3.56, 4058.51
358, 3.57, 4967.23
359, 3.58, 4630.87
360, 3.59, 3991.15
361, 3.6, 5495.64
362, 3.61, 5161.69
363, 3.62, 3925.46
364, 3.63, 3903.92
365, 3.64, 4778.53
366, 3.65, 5049.48
367, 3.66, 5612.83
368, 3.67, 3231.89
369, 3.68, 3798.84
370, 3.69, 6103.46
371, 3.7, 4625.22
372, 3.71, 3737.81
373, 3.72, 6005.67
374, 3.73, 3413.49
375, 3.74, 2263.54
376, 3.75, 3377.27
377, 3.76, 4759.12
378, 3.77, 3063.16
379, 3.78, 6094.03
380, 3.79, 4684.27
381, 3.8, 3289.21
382, 3.81, 5180.68
383, 3.82, 2712.46
384, 3.83, 3777.68
385, 3.84, 6442.43
386, 3.85, 6676.14
387, 3.86, 3719.34
388, 3.87, 5814.59
389, 3.88, 3418.25
390, 3.89, 4185.53
391, 3.9, 4684.67
392, 3.91, 3107.2
393, 3.92, 4637.11
394, 3.93, 4613.6
395, 3.94, 3825.23
396, 3.95, 4567.12
397, 3.96, 2019.62
398, 3.97, 4521.33
399, 3.98, 3748.92
400, 3.99, 2984.16
401, 4, 2474.41
402, 4.01, 3446.96
403, 4.02, 3674.86
404, 4.03, 2681.58
405, 4.04, 4608.97
406, 4.05, 5069.06
407, 4.06, 4083.38
408, 4.07, 5497.53
409, 4.08, 1189.28
410, 4.09, 1420.18
411, 4.1, 3297.65
412, 4.11, 4922.49
413, 4.12, 3732.33
414, 4.13, 3946.47
415, 4.14, 3234.39
416, 4.15, 2988.94
417, 4.16, 4118.7
418, 4.17, 5009.91
419, 4.18, 2946.29
420, 4.19, 2932.28
421, 4.2, 3142.85
422, 4.21, 4245.11
423, 4.22, 4225.06
424, 4.23, 2434.56
425, 4.24, 1982.55
426, 4.25, 1973.26
427, 4.26, 1964.02
428, 4.27, 3475.3
429, 4.28, 2161.95
430, 4.29, 3873.43
431, 4.3, 1285.16
432, 4.31, 2771.63
433, 4.32, 3607.72
434, 4.33, 2323.66
435, 4.34, 4205.44
436, 4.35, 4186.17
437, 4.36, 2916.93
438, 4.37, 3111.02
439, 4.38, 1238.75
440, 4.39, 2466.24
441, 4.4, 3478.02
442, 4.41, 3258.63
443, 4.42, 3041.19
444, 4.43, 3229.34
445, 4.44, 2411.13
446, 4.45, 1800.25
447, 4.46, 2787.87
448, 4.47, 2378.95
449, 4.48, 2368.37
450, 4.49, 1964.88
451, 4.5, 3129.88
452, 4.51, 3116.04
453, 4.52, 2520.62
454, 4.53, 2509.53
455, 4.54, 2498.51
456, 4.55, 4592.42
457, 4.56, 2095.66
458, 4.57, 3983.35
459, 4.58, 2266.29
460, 4.59, 2256.45
461, 4.6, 3182.78
462, 4.61, 1864.13
463, 4.62, 4083.39
464, 4.63, 2217.71
465, 4.64, 1104.09
466, 4.65, 916.133
467, 4.66, 1824.43
468, 4.67, 3451.61
469, 4.68, 3436.91
470, 4.69, 2701.82
471, 4.7, 1972.93
472, 4.71, 1964.58
473, 4.72, 3023.34
474, 4.73, 1948.03
475, 4.74, 1587.14
476, 4.75, 1756.09
477, 4.76, 2623.1
478, 4.77, 2786.28
479, 4.78, 2080.99
480, 4.79, 1554.25
481, 4.8, 1891.75
482, 4.81, 2226.43
483, 4.82, 2217.22
484, 4.83, 2717.62
485, 4.84, 3044.73
486, 4.85, 2695.3
487, 4.86, 1006.59
488, 4.87, 2506.18
489, 4.88, 2662.33
490, 4.89, 2651.48
491, 4.9, 2145.56
492, 4.91, 2465.59
493, 4.92, 2619.31
494, 4.93, 2445.67
495, 4.94, 2273.41
496, 4.95, 1455.59
497, 4.96, 3060.56
498, 4.97, 2246.1
499, 4.98, 1917.52
500, 4.99, 1909.86
501, 5, 2219.28
502, 5.01, 2210.45
503, 5.02, 1887.15
504, 5.03, 1879.66
505, 5.04, 1092.13
506, 5.05, 2641.85
507, 5.06, 2012.28
508, 5.07, 2312.72
509, 5.08, 1842.92
510, 5.09, 2141.65
511, 5.1, 1980.9
512, 5.11, 1517.82
513, 5.12, 1814.29
514, 5.13, 1054.22
515, 5.14, 1050.13
516, 5.15, 2092.13
517, 5.16, 1637.46
518, 5.17, 2669.15
519, 5.18, 1034.01
520, 5.19, 1324.33
521, 5.2, 2052.17
522, 5.21, 1168.18
523, 5.22, 2327.43
524, 5.23, 1449.1
525, 5.24, 1443.58
526, 5.25, 1581.91
527, 5.26, 2865.29
528, 5.27, 1855.39
529, 5.28, 1564.02
530, 5.29, 1416.47
531, 5.3, 1693.37
532, 5.31, 1265.26
533, 5.32, 1260.52
534, 5.33, 1255.8
535, 5.34, 695.06
536, 5.35, 1938.91
537, 5.36, 1931.7
538, 5.37, 2336.92
539, 5.38, 1643.48
540, 5.39, 2183.2
541, 5.4, 1223.51
542, 5.41, 2708.89
543, 5.42, 1619.35
544, 5.43, 1747.86
545, 5.44, 1339.58
546, 5.45, 1201.21
547, 5.46, 2127.68
548, 5.47, 1854.93
549, 5.48, 1848.18
550, 5.49, 1446.86
551, 5.5, 1703.73
552, 5.51, 1697.56
553, 5.52, 1821.54
554, 5.53, 777.843
555, 5.54, 1420.91
556, 5.55, 1801.93
557, 5.56, 1667.22
558, 5.57, 1661.25
559, 5.58, 1909.98
560, 5.59, 2030.04
561, 5.6, 1643.53
562, 5.61, 1511.71
563, 5.62, 1882.93
564, 5.63, 1751.18
565, 5.64, 1371.06
566, 5.65, 993.613
567, 5.66, 1732.69
568, 5.67, 2096.58
569, 5.68, 737.372
570, 5.69, 1347.11
571, 5.7, 732.216
572, 5.71, 1337.71
573, 5.72, 1454.23
574, 5.73, 1328.4
575, 5.74, 1444.13
576, 5.75, 1199.27
577, 5.76, 1912.18
578, 5.77, 1190.98
579, 5.78, 1542.93
580, 5.79, 1182.78
581, 5.8, 1532.33
582, 5.81, 1292.13
583, 5.82, 351.192
584, 5.83, 1749.95
585, 5.84, 1395.18
586, 5.85, 463.473
587, 5.86, 461.896
588, 5.87, 1726.22
589, 5.88, 1376.29
590, 5.89, 1828.84
591, 5.9, 1253.08
592, 5.91, 1135.32
593, 5.92, 1697.24
594, 5.93, 1578.76
595, 5.94, 674.338
596, 5.95, 1568.18
597, 5.96, 1674.57
598, 5.97, 1668.97
599, 5.98, 1774.3
600, 5.99, 1547.34
601, 6, 660.941
602, 6.01, 1317.49
603, 6.02, 984.845
604, 6.03, 1199.72
605, 6.04, 1195.75
606, 6.05, 1191.81
607, 6.06, 863.918
608, 6.07, 1506.89
609, 6.08, 1287.38
610, 6.09, 748.512
611, 6.1, 1492.13
612, 6.11, 1805.95
613, 6.12, 1376.52
614, 6.13, 738.791
615, 6.14, 1051.99
616, 6.15, 1363.15
617, 6.16, 940.659
618, 6.17, 729.258
619, 6.18, 1142.28
620, 6.19, 1138.6
621, 6.2, 825.405
622, 6.21, 1336.97
623, 6.22, 1845.26
624, 6.23, 613.115
625, 6.24, 1120.45
626, 6.25, 1319.94
627, 6.26, 1113.31
628, 6.27, 1109.77
629, 6.28, 1609.08
630, 6.29, 1403.48
631, 6.3, 1498.97
632, 6.31, 1295
633, 6.32, 993.008
634, 6.33, 1187.85
635, 6.34, 1184.12
636, 6.35, 1770.59
637, 6.36, 882.518
638, 6.37, 1270.76
639, 6.38, 1071.89
640, 6.39, 777.124
641, 6.4, 677.863
642, 6.41, 1254.97
643, 6.42, 577.417
644, 6.43, 1247.19
645, 6.44, 669.482
646, 6.45, 667.411
647, 6.46, 1330.7
648, 6.47, 947.567
649, 6.48, 1039.11
650, 6.49, 1506.79
651, 6.5, 1314.4
652, 6.51, 1123.17
653, 6.52, 1026.42
654, 6.53, 1674.47
655, 6.54, 834.68
656, 6.55, 1201.98
657, 6.56, 1198.32
658, 6.57, 1010.88
659, 6.58, 916.198
660, 6.59, 822.081
661, 6.6, 819.596
662, 6.61, 363.165
663, 6.62, 1086.21
664, 6.63, 1895.15
665, 6.64, 719.792
666, 6.65, 538.224
667, 6.66, 536.611
668, 6.67, 802.509
669, 6.68, 1511.32
670, 6.69, 1063.63
671, 6.7, 1060.47
672, 6.71, 792.983
673, 6.72, 1317.71
674, 6.73, 1401.39
675, 6.74, 1135.26
676, 6.75, 522.418
677, 6.76, 434.063
678, 6.77, 1211.79
679, 6.78, 1208.23
680, 6.79, 602.338
681, 6.8, 428.979
682, 6.81, 1026.53
683, 6.82, 597.058
684, 6.83, 850.448
685, 6.84, 508.78
686, 6.85, 930.046
687, 6.86, 1011.64
688, 6.87, 924.647
689, 6.88, 670.52
690, 6.89, 585.006
691, 6.9, 666.644
692, 6.91, 830.898
693, 6.92, 1077.05
694, 6.93, 1156.56
695, 6.94, 823.741
696, 6.95, 903.513
697, 6.96, 655.216
698, 6.97, 735.008
699, 6.98, 1058.64
700, 6.99, 406.008
701, 7, 1052.61
702, 7.01, 807.395
703, 7.02, 563.57
704, 7.03, 561.97
705, 7.04, 960.645
706, 7.05, 558.79
707, 7.06, 1194.02
708, 7.07, 1111.28
709, 7.08, 633.224
710, 7.09, 1026.09
711, 7.1, 1101.92
712, 7.11, 627.9
713, 7.12, 547.872
714, 7.13, 546.338
715, 7.14, 1167.45
716, 7.15, 388.065
717, 7.16, 1083.55
718, 7.17, 926.174
719, 7.18, 307.866
720, 7.19, 997.789
721, 7.2, 612.322
722, 7.21, 1221.25
723, 7.22, 761.173
724, 7.23, 834.979
725, 7.24, 984.073
726, 7.25, 679.406
727, 7.26, 903.384
728, 7.27, 900.904
729, 7.28, 1123.04
730, 7.29, 970.639
731, 7.3, 744.604
732, 7.31, 668.314
733, 7.32, 814.601
734, 7.33, 664.677
735, 7.34, 662.869
736, 7.35, 514.165
737, 7.36, 732.53
738, 7.37, 438.327
739, 7.38, 582.856
740, 7.39, 1017.24
741, 7.4, 579.714
742, 7.41, 939.498
743, 7.42, 1009.05
744, 7.43, 1006.33
745, 7.44, 931.946
746, 7.45, 357.481
747, 7.46, 499.134
748, 7.47, 853.372
749, 7.48, 425.547
750, 7.49, 565.884
751, 7.5, 776.02
752, 7.51, 1196.12
753, 7.52, 631.557
754, 7.53, 1049.81
755, 7.54, 837.621
756, 7.55, 556.938
757, 7.56, 624.901
758, 7.57, 692.503
759, 7.58, 621.612
760, 7.59, 482.204
761, 7.6, 687.054
762, 7.61, 1096.4
763, 7.62, 546.765
764, 7.63, 749.836
765, 7.64, 475.921
766, 7.65, 745.925
767, 7.66, 743.981
768, 7.67, 674.587
769, 7.68, 538.267
770, 7.69, 268.435
771, 7.7, 200.804
772, 7.71, 734.376
773, 7.72, 799.066
774, 7.73, 332.084
775, 7.74, 529.964
776, 7.75, 396.45
777, 7.76, 659.05
778, 7.77, 525.885
779, 7.78, 524.536
780, 7.79, 719.389
781, 7.8, 456.621
782, 7.81, 325.324
783, 7.82, 259.595
784, 7.83, 453.133
785, 7.84, 710.254
786, 7.85, 837.256
787, 7.86, 706.648
788, 7.87, 833.012
789, 7.88, 511.324
790, 7.89, 255.015
791, 7.9, 699.52
792, 7.91, 761.186
793, 7.92, 695.996
794, 7.93, 315.565
795, 7.94, 818.407
796, 7.95, 502.37
797, 7.96, 626.388
798, 7.97, 249.928
799, 7.98, 373.954
800, 7.99, 746.039
801, 8, 310.074
802, 8.01, 989.763
803, 8.02, 617.062
804, 8.03, 492.423
805, 8.04, 552.6
806, 8.05, 367.486
807, 8.06, 672.056
808, 8.07, 853.229
809, 8.08, 607.943
810, 8.09, 303.222
811, 8.1, 544.454
812, 8.11, 603.459
813, 8.12, 421.383
814, 8.13, 420.348
815, 8.14, 239.61
816, 8.15, 478.046
817, 8.16, 1072.97
818, 8.17, 594.639
819, 8.18, 237.275
820, 8.19, 710.09
821, 8.2, 708.362
822, 8.21, 471.093
823, 8.22, 234.974
824, 8.23, 410.208
825, 8.24, 467.673
826, 8.25, 291.588
827, 8.26, 232.707
828, 8.27, 348.218
829, 8.28, 405.274
830, 8.29, 231.028
831, 8.3, 633.798
832, 8.31, 632.275
833, 8.32, 458.733
834, 8.33, 915.267
835, 8.34, 856.009
836, 8.35, 284.654
837, 8.36, 340.769
838, 8.37, 906.551
839, 8.38, 565.244
840, 8.39, 451.119
841, 8.4, 562.559
842, 8.41, 785.713
843, 8.42, 167.968
844, 8.43, 335.14
845, 8.44, 668.695
846, 8.45, 444.743
847, 8.46, 332.77
848, 8.47, 442.648
849, 8.48, 496.806
850, 8.49, 440.567
851, 8.5, 439.533
852, 8.51, 438.501
853, 8.52, 546.842
854, 8.53, 436.45
855, 8.54, 272.143
856, 8.55, 380.111
857, 8.56, 433.4
858, 8.57, 162.146
859, 8.58, 539.23
860, 8.59, 484.179
861, 8.6, 53.6727
862, 8.61, 481.935
863, 8.62, 373.97
864, 8.63, 799.51
865, 8.64, 691.308
866, 8.65, 636.657
867, 8.66, 370.527
868, 8.67, 316.863
869, 8.68, 368.824
870, 8.69, 525.68
871, 8.7, 314.684
872, 8.71, 209.309
873, 8.72, 261.037
874, 8.73, 416.704
875, 8.74, 831.503
876, 8.75, 570.354
877, 8.76, 258.661
878, 8.77, 361.301
879, 8.78, 360.479
880, 8.79, 667.941
881, 8.8, 563.899
882, 8.81, 409.179
883, 8.82, 459.284
884, 8.83, 458.245
885, 8.84, 558.813
886, 8.85, 405.492
887, 8.86, 303.434
888, 8.87, 302.751
889, 8.88, 352.415
890, 8.89, 251.16
891, 8.9, 250.596
892, 8.91, 400.056
893, 8.92, 349.265
894, 8.93, 348.484
895, 8.94, 596.067
896, 8.95, 297.369
897, 8.96, 642.863
898, 8.97, 394.728
899, 8.98, 590.775
900, 8.99, 687.707
901, 9, 392.103
902, 9.01, 440.139
903, 9.02, 292.776
904, 9.03, 243.441
905, 9.04, 631.548
906, 9.05, 436.261
907, 9.06, 435.299
908, 9.07, 386.081
909, 9.08, 192.616
910, 9.09, 384.386
911, 9.1, 383.542
912, 9.11, 526.215
913, 9.12, 572.796
914, 9.13, 285.772
915, 9.14, 237.623
916, 9.15, 426.788
917, 9.16, 189.27
918, 9.17, 424.93
919, 9.18, 282.67
920, 9.19, 376.075
921, 9.2, 469.073
922, 9.21, 280.834
923, 9.22, 373.634
924, 9.23, 559.239
925, 9.24, 232.513
926, 9.25, 510.424
927, 9.26, 601.927
928, 9.27, 277.214
929, 9.28, 276.618
930, 9.29, 460.039
931, 9.3, 275.43
932, 9.31, 366.453
933, 9.32, 228.542
934, 9.33, 547.328
935, 9.34, 273.079
936, 9.35, 408.744
937, 9.36, 317.233
938, 9.37, 542.67
939, 9.38, 270.757
940, 9.39, 540.363
941, 9.4, 404.411
942, 9.41, 224.196
943, 9.42, 402.698
944, 9.43, 446.495
945, 9.44, 445.55
946, 9.45, 489.069
947, 9.46, 266.202
948, 9.47, 531.282
949, 9.48, 485.982
950, 9.49, 661.309
951, 9.5, 527.935
952, 9.51, 175.609
953, 9.52, 394.291
954, 9.53, 349.747
955, 9.54, 523.522
956, 9.55, 304.749
957, 9.56, 130.334
958, 9.57, 433.54
959, 9.58, 432.636
960, 9.59, 518.082
961, 9.6, 473.921
962, 9.61, 214.971
963, 9.62, 171.62
964, 9.63, 299.712
965, 9.64, 213.637
966, 9.65, 341.111
967, 9.66, 297.855
968, 9.67, 509.555
969, 9.68, 127.126
970, 9.69, 422.88
971, 9.7, 295.406
972, 9.71, 505.369
973, 9.72, 168.11
974, 9.73, 419.413
975, 9.74, 292.987
976, 9.75, 417.696
977, 9.76, 416.842
978, 9.77, 457.589
979, 9.78, 290.598
980, 9.79, 290.005
981, 9.8, 330.759
982, 9.81, 371.347
983, 9.82, 205.884
984, 9.83, 205.466
985, 9.84, 328.078
986, 9.85, 204.633
987, 9.86, 449.281
988, 9.87, 122.283
989, 9.88, 447.466
990, 9.89, 202.983
991, 9.9, 243.088
992, 9.91, 485.197
993, 9.92, 282.462
994, 9.93, 483.246
995, 9.94, 321.517
996, 9.95, 200.545
997, 9.96, 440.314
998, 9.97, 239.69
999, 9.98, 358.816
1000, 9.99, 397.887
1001, 10, 555.93
1002, 10.01, 317.04
1003, 10.02, 355.96
1004, 10.03, 197.362
1005, 10.04, 354.544
1006, 10.05, 157.262
1007, 10.06, 353.137
1008, 10.07, 509.076
1009, 10.08, 117.246
1010, 10.09, 273.033
1011, 10.1, 194.638
1012, 10.11, 310.806
1013, 10.12, 387.741
1014, 10.13, 193.488
1015, 10.14, 347.593
1016, 10.15, 424
1017, 10.16, 307.757
1018, 10.17, 230.365
1019, 10.18, 306.55
1020, 10.19, 305.95
1021, 10.2, 229.013
1022, 10.21, 342.847
1023, 10.22, 190.099
1024, 10.23, 379.455
1025, 10.24, 378.715
1026, 10.25, 226.786
1027, 10.26, 113.172
1028, 10.27, 112.952
1029, 10.28, 150.311
1030, 10.29, 300.038
1031, 10.3, 187.16
1032, 10.31, 523.033
1033, 10.32, 335.585
1034, 10.33, 372.151
1035, 10.34, 222.859
1036, 10.35, 185.358
1037, 10.36, 111
1038, 10.37, 258.502
1039, 10.38, 294.862
1040, 10.39, 147.148
1041, 10.4, 257.014
1042, 10.41, 219.875
1043, 10.42, 256.029
1044, 10.43, 182.528
1045, 10.44, 145.743
1046, 10.45, 181.831
1047, 10.46, 508.153
1048, 10.47, 470.957
1049, 10.48, 216.95
1050, 10.49, 469.164
1051, 10.5, 144.084
1052, 10.51, 287.62
1053, 10.52, 179.421
1054, 10.53, 250.713
1055, 10.54, 250.238
1056, 10.55, 71.3612
1057, 10.56, 213.679
1058, 10.57, 213.275
1059, 10.58, 425.745
1060, 10.59, 247.883
1061, 10.6, 353.451
1062, 10.61, 246.95
1063, 10.62, 140.849
1064, 10.63, 140.584
1065, 10.64, 315.721
1066, 10.65, 105.043
1067, 10.66, 244.641
1068, 10.67, 244.183
1069, 10.68, 243.727
1070, 10.69, 278.024
1071, 10.7, 242.817
1072, 10.71, 276.988
1073, 10.72, 172.795
1074, 10.73, 310.452
1075, 10.74, 344.305
1076, 10.75, 171.833
1077, 10.76, 205.816
1078, 10.77, 308.152
1079, 10.78, 341.757
1080, 10.79, 170.562
1081, 10.8, 136.197
1082, 10.81, 237.905
1083, 10.82, 169.619
1084, 10.83, 67.7223
1085, 10.84, 304.189
1086, 10.85, 202.419
1087, 10.86, 168.372
1088, 10.87, 403.351
1089, 10.88, 134.204
1090, 10.89, 234.426
1091, 10.9, 233.996
1092, 10.91, 300.301
1093, 10.92, 199.835
1094, 10.93, 166.225
1095, 10.94, 199.105
1096, 10.95, 132.495
1097, 10.96, 264.507
1098, 10.97, 198.019
1099, 10.98, 230.602
1100, 10.99, 230.183
1101, 11, 229.765
1102, 11.01, 229.348
1103, 11.02, 261.637
1104, 11.03, 457.036
1105, 11.04, 195.518
1106, 11.05, 227.692
1107, 11.06, 292.218
1108, 11.07, 129.64
1109, 11.08, 226.462
1110, 11.09, 355.228
1111, 11.1, 128.941
1112, 11.11, 418.306
1113, 11.12, 96.3587
1114, 11.13, 224.434
1115, 11.14, 128.018
1116, 11.15, 223.63
1117, 11.16, 223.23
1118, 11.17, 222.83
1119, 11.18, 63.5521
1120, 11.19, 158.597
1121, 11.2, 316.628
1122, 11.21, 158.032
1123, 11.22, 220.851
1124, 11.23, 283.446
1125, 11.24, 94.314
1126, 11.25, 125.529
1127, 11.26, 281.939
1128, 11.27, 156.355
1129, 11.28, 468.235
1130, 11.29, 186.962
1131, 11.3, 186.632
1132, 11.31, 248.403
1133, 11.32, 185.974
1134, 11.33, 278.469
1135, 11.34, 247.092
1136, 11.35, 154.161
1137, 11.36, 246.223
1138, 11.37, 184.343
1139, 11.38, 153.35
1140, 11.39, 153.081
1141, 11.4, 244.5
1142, 11.41, 91.527
1143, 11.42, 182.734
1144, 11.43, 212.817
1145, 11.44, 273.144
1146, 11.45, 90.8892
1147, 11.46, 332.679
1148, 11.47, 362.291
1149, 11.48, 271.246
1150, 11.49, 240.688
1151, 11.5, 180.202
1152, 11.51, 59.9633
1153, 11.52, 269.367
1154, 11.53, 59.7556
1155, 11.54, 178.956
1156, 11.55, 148.872
1157, 11.56, 297.231
1158, 11.57, 326.389
1159, 11.58, 148.103
1160, 11.59, 88.7085
1161, 11.6, 59.0372
1162, 11.61, 294.678
1163, 11.62, 58.8343
1164, 11.63, 293.666
1165, 11.64, 117.265
1166, 11.65, 263.394
1167, 11.66, 58.4317
1168, 11.67, 58.3317
1169, 11.68, 145.58
1170, 11.69, 232.53
1171, 11.7, 261.149
1172, 11.71, 289.671
1173, 11.72, 260.26
1174, 11.73, 173.211
1175, 11.74, 57.6387
1176, 11.75, 258.933
1177, 11.76, 373.38
1178, 11.77, 143.364
1179, 11.78, 143.121
1180, 11.79, 257.181
1181, 11.8, 171.164
1182, 11.81, 142.395
1183, 11.82, 142.155
1184, 11.83, 255.446
1185, 11.84, 170.01
1186, 11.85, 282.873
1187, 11.86, 197.677
1188, 11.87, 140.96
1189, 11.88, 140.723
1190, 11.89, 140.487
1191, 11.9, 224.402
1192, 11.91, 168.019
1193, 11.92, 83.8688
1194, 11.93, 167.457
1195, 11.94, 195.039
1196, 11.95, 194.713
1197, 11.96, 111.079
1198, 11.97, 83.1702
1199, 11.98, 110.709
1200, 11.99, 55.2621
1201, 12, 165.51
1202, 12.01, 110.157
1203, 12.02, 219.947
1204, 12.03, 164.687
1205, 12.04, 219.218
1206, 12.05, 218.855
1207, 12.06, 109.246
1208, 12.07, 163.598
1209, 12.08, 217.77
1210, 12.09, 244.586
1211, 12.1, 189.92
1212, 12.11, 135.433
1213, 12.12, 81.1259
1214, 12.13, 215.98
1215, 12.14, 134.765
1216, 12.15, 215.27
1217, 12.16, 107.458
1218, 12.17, 214.563
1219, 12.18, 133.882
1220, 12.19, 160.395
1221, 12.2, 80.0664
1222, 12.21, 133.226
1223, 12.22, 106.406
1224, 12.23, 265.581
1225, 12.24, 212.118
1226, 12.25, 238.244
1227, 12.26, 132.142
1228, 12.27, 158.312
1229, 12.28, 368.794
1230, 12.29, 131.498
1231, 12.3, 183.799
1232, 12.31, 131.072
1233, 12.32, 104.687
1234, 12.33, 261.294
1235, 12.34, 208.697
1236, 12.35, 156.27
1237, 12.36, 208.023
1238, 12.37, 181.726
1239, 12.38, 129.595
1240, 12.39, 129.386
1241, 12.4, 206.684
1242, 12.41, 103.176
1243, 12.42, 257.524
1244, 12.43, 205.688
1245, 12.44, 154.018
1246, 12.45, 76.8857
1247, 12.46, 127.937
1248, 12.47, 204.372
1249, 12.48, 178.539
1250, 12.49, 178.254
1251, 12.5, 50.8482
1252, 12.51, 101.534
1253, 12.52, 152.058
1254, 12.53, 278.329
1255, 12.54, 176.836
1256, 12.55, 176.555
1257, 12.56, 176.274
1258, 12.57, 201.136
1259, 12.58, 150.612
1260, 12.59, 125.311
1261, 12.6, 150.135
1262, 12.61, 74.9485
1263, 12.62, 149.66
1264, 12.63, 74.7115
1265, 12.64, 198.916
1266, 12.65, 99.3008
1267, 12.66, 272.646
1268, 12.67, 123.735
1269, 12.68, 321.203
1270, 12.69, 172.683
1271, 12.7, 197.042
1272, 12.71, 24.5916
1273, 12.72, 196.423
1274, 12.73, 73.5432
1275, 12.74, 97.9038
1276, 12.75, 146.626
1277, 12.76, 97.5974
1278, 12.77, 121.806
1279, 12.78, 218.908
1280, 12.79, 121.426
1281, 12.8, 0
1282, 12.81, 121.047
1283, 12.82, 120.858
1284, 12.83, 144.804
1285, 12.84, 120.482
1286, 12.85, 120.295
1287, 12.86, 48.0433
1288, 12.87, 119.922
1289, 12.88, 143.683
1290, 12.89, 143.46
1291, 12.9, 167.111
1292, 12.91, 119.18
1293, 12.92, 190.394
1294, 12.93, 118.812
1295, 12.94, 94.9031
1296, 12.95, 213.203
1297, 12.96, 212.874
1298, 12.97, 141.697
1299, 12.98, 141.479
1300, 12.99, 117.718
1301, 13, 211.567
1302, 13.01, 46.9427
1303, 13.02, 117.177
1304, 13.03, 163.796
1305, 13.04, 210.272
1306, 13.05, 46.6556
1307, 13.06, 116.461
1308, 13.07, 46.513
1309, 13.08, 208.989
1310, 13.09, 185.484
1311, 13.1, 115.751
1312, 13.11, 46.2298
1313, 13.12, 92.3189
1314, 13.13, 161.312
1315, 13.14, 46.0192
1316, 13.15, 45.9492
1317, 13.16, 160.578
1318, 13.17, 91.6198
1319, 13.18, 45.7405
1320, 13.19, 114.178
1321, 13.2, 114.005
1322, 13.21, 159.366
1323, 13.22, 181.857
1324, 13.23, 45.3956
1325, 13.24, 22.6636
1326, 13.25, 181.035
1327, 13.26, 112.977
1328, 13.27, 157.929
1329, 13.28, 90.1094
1330, 13.29, 67.4805
1331, 13.3, 134.758
1332, 13.31, 179.408
1333, 13.32, 111.962
1334, 13.33, 89.4352
1335, 13.34, 156.277
1336, 13.35, 156.043
1337, 13.36, 66.7757
1338, 13.37, 111.127
1339, 13.38, 199.729
1340, 13.39, 22.159
1341, 13.4, 154.882
1342, 13.41, 154.651
1343, 13.42, 176.481
1344, 13.43, 88.1093
1345, 13.44, 87.9783
1346, 13.45, 87.8476
1347, 13.46, 219.293
1348, 13.47, 175.174
1349, 13.48, 87.4573
1350, 13.49, 87.3278
1351, 13.5, 87.1986
1352, 13.51, 87.0696
1353, 13.52, 65.2057
1354, 13.53, 173.625
1355, 13.54, 21.6711
1356, 13.55, 86.5567
1357, 13.56, 108.036
1358, 13.57, 258.906
1359, 13.58, 172.35
1360, 13.59, 43.0242
1361, 13.6, 85.9219
1362, 13.61, 107.245
1363, 13.62, 107.087
1364, 13.63, 64.1583
1365, 13.64, 192.193
1366, 13.65, 106.618
1367, 13.66, 85.1693
1368, 13.67, 85.0448
1369, 13.68, 212.302
1370, 13.69, 275.589
1371, 13.7, 127.01
1372, 13.71, 126.825
1373, 13.72, 168.853
1374, 13.73, 231.835
1375, 13.74, 126.272
1376, 13.75, 168.118
1377, 13.76, 125.905
1378, 13.77, 125.722
1379, 13.78, 62.7701
1380, 13.79, 167.144
1381, 13.8, 187.765
1382, 13.81, 104.163
1383, 13.82, 124.815
1384, 13.83, 103.862
1385, 13.84, 165.94
1386, 13.85, 103.563
1387, 13.86, 41.3654
1388, 13.87, 61.9587
1389, 13.88, 41.2464
1390, 13.89, 82.3741
1391, 13.9, 205.639
1392, 13.91, 143.741
1393, 13.92, 102.525
1394, 13.93, 184.28
1395, 13.94, 143.123
1396, 13.95, 122.501
1397, 13.96, 81.5506
1398, 13.97, 81.434
1399, 13.98, 182.965
1400, 13.99, 101.502
1401, 14, 101.357
1402, 14.01, 141.697
1403, 14.02, 161.709
1404, 14.03, 80.7395
1405, 14.04, 120.937
1406, 14.05, 60.3825
1407, 14.06, 140.692
1408, 14.07, 40.1407
1409, 14.08, 80.1675
1410, 14.09, 120.081
1411, 14.1, 159.881
1412, 14.11, 139.698
1413, 14.12, 159.428
1414, 14.13, 119.402
1415, 14.14, 119.234
1416, 14.15, 79.3768
1417, 14.16, 99.081
1418, 14.17, 79.1531
1419, 14.18, 39.5208
1420, 14.19, 177.593
1421, 14.2, 98.524
1422, 14.21, 59.0313
1423, 14.22, 216.144
1424, 14.23, 117.731
1425, 14.24, 97.9716
1426, 14.25, 97.8343
1427, 14.26, 175.855
1428, 14.27, 58.5363
1429, 14.28, 77.9392
1430, 14.29, 272.406
1431, 14.3, 77.7214
1432, 14.31, 174.629
1433, 14.32, 58.1285
1434, 14.33, 154.793
1435, 14.34, 96.6109
1436, 14.35, 96.4764
1437, 14.36, 134.879
1438, 14.37, 76.9666
1439, 14.38, 115.29
1440, 14.39, 134.318
1441, 14.4, 114.97
1442, 14.41, 133.945
1443, 14.42, 57.3256
1444, 14.43, 57.2462
1445, 14.44, 171.501
1446, 14.45, 76.1173
1447, 14.46, 95.0152
1448, 14.47, 75.9072
1449, 14.48, 94.7531
1450, 14.49, 132.471
1451, 14.5, 132.289
1452, 14.51, 75.4896
1453, 14.52, 37.6928
1454, 14.53, 131.744
1455, 14.54, 131.563
1456, 14.55, 112.613
1457, 14.56, 112.459
1458, 14.57, 112.304
1459, 14.58, 56.0752
1460, 14.59, 74.6645
1461, 14.6, 111.844
1462, 14.61, 204.766
1463, 14.62, 92.9483
1464, 14.63, 92.8214
1465, 14.64, 55.6168
1466, 14.65, 55.541
1467, 14.66, 73.9537
1468, 14.67, 129.243
1469, 14.68, 147.505
1470, 14.69, 73.6522
1471, 14.7, 91.9401
1472, 14.71, 110.178
1473, 14.72, 73.3525
1474, 14.73, 73.253
1475, 14.74, 128.019
1476, 14.75, 109.582
1477, 14.76, 72.9557
1478, 14.77, 72.857
1479, 14.78, 90.9481
1480, 14.79, 72.6602
1481, 14.8, 90.7027
1482, 14.81, 18.1161
1483, 14.82, 180.916
1484, 14.83, 36.1345
1485, 14.84, 90.2147
1486, 14.85, 180.187
1487, 14.86, 53.9833
1488, 14.87, 89.8513
1489, 14.88, 71.7845
1490, 14.89, 89.6102
1491, 14.9, 107.388
1492, 14.91, 35.7481
1493, 14.92, 160.651
1494, 14.93, 89.131
1495, 14.94, 53.4071
1496, 14.95, 88.8929
1497, 14.96, 124.284
1498, 14.97, 88.6557
1499, 14.98, 35.415
1500, 14.99, 123.787
1501, 15, 52.981
1502, 15.01, 52.9105
1503, 15.02, 52.8401
1504, 15.03, 35.1799
1505, 15.04, 70.2663
1506, 15.05, 105.26
1507, 15.06, 0
1508, 15.07, 104.981
1509, 15.08, 69.8943
1510, 15.09, 87.2522
1511, 15.1, 121.991
1512, 15.11, 34.8086
1513, 15.12, 52.1439
1514, 15.13, 69.4334
1515, 15.14, 104.013
1516, 15.15, 51.9377
1517, 15.16, 51.8693
1518, 15.17, 86.3349
1519, 15.18, 51.7328
1520, 15.19, 103.329
1521, 15.2, 154.79
1522, 15.21, 103.058
1523, 15.22, 68.6152
1524, 15.23, 85.6565
1525, 15.24, 34.2177
1526, 15.25, 34.1728
1527, 15.26, 34.1281
1528, 15.27, 136.334
1529, 15.28, 85.0972
1530, 15.29, 118.98
1531, 15.3, 118.825
1532, 15.31, 50.8585
1533, 15.32, 101.584
1534, 15.33, 118.361
1535, 15.34, 67.5466
1536, 15.35, 84.3233
1537, 15.36, 84.2136
1538, 15.37, 67.2833
1539, 15.38, 117.593
1540, 15.39, 150.995
1541, 15.4, 50.2662
1542, 15.41, 100.402
1543, 15.42, 33.424
1544, 15.43, 33.3807
1545, 15.44, 33.3375
1546, 15.45, 49.9416
1547, 15.46, 16.6257
1548, 15.47, 33.2084
1549, 15.48, 66.3311
1550, 15.49, 99.3683
1551, 15.5, 82.7002
1552, 15.51, 82.5937
1553, 15.52, 65.9899
1554, 15.53, 49.4287
1555, 15.54, 32.9101
1556, 15.55, 82.1696
1557, 15.56, 98.4769
1558, 15.57, 114.742
1559, 15.58, 49.1122
1560, 15.59, 49.0492
1561, 15.6, 32.6576
1562, 15.61, 65.2316
1563, 15.62, 65.1482
1564, 15.63, 146.396
1565, 15.64, 64.9818
1566, 15.65, 146.022
1567, 15.66, 48.612
1568, 15.67, 97.1
1569, 15.68, 64.6509
1570, 15.69, 177.563
1571, 15.7, 32.2432
1572, 15.71, 48.3032
1573, 15.72, 80.4031
1574, 15.73, 96.3611
1575, 15.74, 48.1194
1576, 15.75, 112.136
1577, 15.76, 63.9966
1578, 15.77, 63.9155
1579, 15.78, 111.71
1580, 15.79, 15.9384
1581, 15.8, 159.183
1582, 15.81, 79.4909
1583, 15.82, 79.3905
1584, 15.83, 0
1585, 15.84, 95.0283
1586, 15.85, 79.0904
1587, 15.86, 63.1926
1588, 15.87, 31.5565
1589, 15.88, 63.0336
1590, 15.89, 110.17
1591, 15.9, 125.751
1592, 15.91, 47.0972
1593, 15.92, 31.3587
1594, 15.93, 62.6388
1595, 15.94, 31.2801
1596, 15.95, 62.4819
1597, 15.96, 62.4037
1598, 15.97, 109.07
1599, 15.98, 77.8096
1600, 15.99, 77.7124
1601, 16, 62.0923
1602, 16.01, 77.5185
1603, 16.02, 77.4218
1604, 16.03, 46.3952
1605, 16.04, 46.3374
1606, 16.05, 46.2797
1607, 16.06, 61.6295
1608, 16.07, 107.717
1609, 16.08, 92.2145
1610, 16.09, 61.4
1611, 16.1, 15.3309
1612, 16.11, 76.5597
1613, 16.12, 122.344
1614, 16.13, 61.096
1615, 16.14, 122.041
1616, 16.15, 30.4725
1617, 16.16, 45.6522
1618, 16.17, 45.5957
1619, 16.18, 60.7193
1620, 16.19, 90.9665
1621, 16.2, 45.4271
1622, 16.21, 60.4949
1623, 16.22, 90.6305
1624, 16.23, 75.4324
1625, 16.24, 60.2717
1626, 16.25, 105.346
1627, 16.26, 45.0927
1628, 16.27, 30.0249
1629, 16.28, 89.9641
1630, 16.29, 44.9269
1631, 16.3, 59.8291
1632, 16.31, 59.7558
1633, 16.32, 74.6033
1634, 16.33, 89.4144
1635, 16.34, 29.7683
1636, 16.35, 148.66
1637, 16.36, 74.2391
1638, 16.37, 88.9782
1639, 16.38, 133.304
1640, 16.39, 133.142
1641, 16.4, 162.531
1642, 16.41, 132.818
1643, 16.42, 58.9583
1644, 16.43, 73.6083
1645, 16.44, 88.2225
1646, 16.45, 29.3718
1647, 16.46, 73.3403
1648, 16.47, 117.202
1649, 16.48, 43.8975
1650, 16.49, 73.0739
1651, 16.5, 72.9854
1652, 16.51, 29.1588
1653, 16.52, 131.056
1654, 16.53, 72.7209
1655, 16.54, 72.633
1656, 16.55, 72.5453
1657, 16.56, 28.9831
1658, 16.57, 57.8963
1659, 16.58, 86.7398
1660, 16.59, 72.1961
1661, 16.6, 57.6874
1662, 16.61, 57.618
1663, 16.62, 158.259
1664, 16.63, 57.4796
1665, 16.64, 100.468
1666, 16.65, 71.6771
1667, 16.66, 100.228
1668, 16.67, 42.9032
1669, 16.68, 42.8518
1670, 16.69, 85.6009
1671, 16.7, 56.999
1672, 16.71, 71.1635
1673, 16.72, 71.0785
1674, 16.73, 56.7949
1675, 16.74, 99.2724
1676, 16.75, 84.9891
1677, 16.76, 28.2959
1678, 16.77, 98.9178
1679, 16.78, 56.4571
1680, 16.79, 28.195
1681, 16.8, 84.4843
1682, 16.81, 28.128
1683, 16.82, 56.1891
1684, 16.83, 42.0918
1685, 16.84, 112.112
1686, 16.85, 55.9893
1687, 16.86, 69.9037
1688, 16.87, 69.8209
1689, 16.88, 125.529
1690, 16.89, 41.7934
1691, 16.9, 55.6587
1692, 16.91, 27.7965
1693, 16.92, 83.2909
1694, 16.93, 97.058
1695, 16.94, 41.5472
1696, 16.95, 41.4982
1697, 16.96, 55.2658
1698, 16.97, 82.8011
1699, 16.98, 137.839
1700, 16.99, 68.8386
1701, 17, 27.5031
1702, 17.01, 54.9416
1703, 17.02, 41.1578
1704, 17.03, 54.8127
1705, 17.04, 68.4355
1706, 17.05, 68.3553
1707, 17.06, 95.5853
1708, 17.07, 40.9172
1709, 17.08, 108.985
1710, 17.09, 68.0359
1711, 17.1, 67.9564
1712, 17.11, 67.877
1713, 17.12, 94.9169
1714, 17.13, 54.1749
1715, 17.14, 67.6397
1716, 17.15, 81.0731
1717, 17.16, 40.4893
1718, 17.17, 67.4037
1719, 17.18, 53.8603
1720, 17.19, 40.3482
1721, 17.2, 80.6027
1722, 17.21, 53.6727
1723, 17.22, 26.8052
1724, 17.23, 66.9354
1725, 17.24, 40.1147
1726, 17.25, 66.7803
1727, 17.26, 53.3624
1728, 17.27, 39.9755
1729, 17.28, 39.9293
1730, 17.29, 79.7663
1731, 17.3, 26.558
1732, 17.31, 26.5274
1733, 17.32, 66.2419
1734, 17.33, 105.865
1735, 17.34, 52.8714
1736, 17.35, 26.4053
1737, 17.36, 79.1246
1738, 17.37, 52.6891
1739, 17.38, 52.6285
1740, 17.39, 52.568
1741, 17.4, 26.2538
1742, 17.41, 13.1118
1743, 17.42, 65.484
1744, 17.43, 91.5725
1745, 17.44, 91.4676
1746, 17.45, 130.518
1747, 17.46, 52.1476
1748, 17.47, 52.088
1749, 17.48, 13.0071
1750, 17.49, 77.9534
1751, 17.5, 129.774
1752, 17.51, 64.813
1753, 17.52, 38.8434
1754, 17.53, 38.7992
1755, 17.54, 64.5916
1756, 17.55, 90.3252
1757, 17.56, 25.7778
1758, 17.57, 38.6228
1759, 17.58, 77.1578
1760, 17.59, 89.9151
1761, 17.6, 89.8131
1762, 17.61, 38.4476
1763, 17.62, 76.8081
1764, 17.63, 25.5737
1765, 17.64, 102.179
1766, 17.65, 51.0315
1767, 17.66, 76.4607
1768, 17.67, 101.832
1769, 17.68, 25.4293
1770, 17.69, 63.5014
1771, 17.7, 76.1157
1772, 17.71, 88.7015
1773, 17.72, 37.972
1774, 17.73, 37.9292
1775, 17.74, 75.773
1776, 17.75, 12.6146
1777, 17.76, 12.6004
1778, 17.77, 50.345
1779, 17.78, 50.2884
1780, 17.79, 100.464
1781, 17.8, 100.351
1782, 17.81, 62.6491
1783, 17.82, 25.0315
1784, 17.83, 37.5052
1785, 17.84, 87.4142
1786, 17.85, 24.9475
1787, 17.86, 49.8392
1788, 17.87, 74.6752
1789, 17.88, 111.888
1790, 17.89, 49.6723
1791, 17.9, 74.4252
1792, 17.91, 24.7807
1793, 17.92, 74.2593
1794, 17.93, 61.8138
1795, 17.94, 98.7919
1796, 17.95, 24.6705
1797, 17.96, 86.2506
1798, 17.97, 12.3078
1799, 17.98, 24.5883
1800, 17.99, 85.9633
1801, 18, 49.0674
1802, 18.01, 61.2661
1803, 18.02, 48.9586
1804, 18.03, 12.2261
1805, 18.04, 85.4877
1806, 18.05, 85.3931
1807, 18.06, 73.1131
1808, 18.07, 97.3763
1809, 18.08, 48.6343
1810, 18.09, 72.8709
1811, 18.1, 72.7905
1812, 18.11, 121.184
1813, 18.12, 24.21
1814, 18.13, 48.3666
1815, 18.14, 48.3133
1816, 18.15, 72.3902
1817, 18.16, 12.0518
1818, 18.17, 60.1925
1819, 18.18, 72.1516
1820, 18.19, 60.0603
1821, 18.2, 47.9955
1822, 18.21, 71.9142
1823, 18.22, 83.8079
1824, 18.23, 35.8783
1825, 18.24, 0
1826, 18.25, 119.332
1827, 18.26, 23.8404
1828, 18.27, 11.9071
1829, 18.28, 47.5765
1830, 18.29, 23.7623
1831, 18.3, 106.813
1832, 18.31, 35.5656
1833, 18.32, 94.7382
1834, 18.33, 47.3175
1835, 18.34, 47.2659
1836, 18.35, 47.2144
1837, 18.36, 35.3723
1838, 18.37, 47.1117
1839, 18.38, 0
1840, 18.39, 58.7617
1841, 18.4, 35.2187
1842, 18.41, 35.1805
1843, 18.42, 46.8565
1844, 18.43, 23.4028
1845, 18.44, 11.6887
1846, 18.45, 58.3804
1847, 18.46, 69.9806
1848, 18.47, 81.5557
1849, 18.48, 34.9146
1850, 18.49, 81.3794
1851, 18.5, 58.0654
1852, 18.51, 58.0027
1853, 18.52, 46.3521
1854, 18.53, 46.3021
1855, 18.54, 34.6891
1856, 18.55, 34.6518
1857, 18.56, 80.7671
1858, 18.57, 80.6802
1859, 18.58, 11.5133
1860, 18.59, 11.501
1861, 18.6, 34.4658
1862, 18.61, 80.3339
1863, 18.62, 57.3198
1864, 18.63, 68.7099
1865, 18.64, 34.3181
1866, 18.65, 45.7085
1867, 18.66, 22.8298
1868, 18.67, 34.208
1869, 18.68, 91.1237
1870, 18.69, 34.1349
1871, 18.7, 34.0984
1872, 18.71, 34.062
1873, 18.72, 45.3675
1874, 18.73, 33.9893
1875, 18.74, 22.6354
1876, 18.75, 33.9169
1877, 18.76, 56.4679
1878, 18.77, 56.4078
1879, 18.78, 45.0782
1880, 18.79, 78.803
1881, 18.8, 22.4912
1882, 18.81, 33.701
1883, 18.82, 33.6652
1884, 18.83, 67.2589
1885, 18.84, 22.3958
1886, 18.85, 33.5582
1887, 18.86, 11.1742
1888, 18.87, 22.3247
1889, 18.88, 33.4516
1890, 18.89, 33.4163
1891, 18.9, 89.0158
1892, 18.91, 55.5761
1893, 18.92, 22.2069
1894, 18.93, 22.1835
1895, 18.94, 33.2401
1896, 18.95, 33.2051
1897, 18.96, 66.3402
1898, 18.97, 11.0451
1899, 18.98, 55.1671
1900, 18.99, 77.1527
1901, 19, 44.0409
1902, 19.01, 21.9973
1903, 19.02, 21.9742
1904, 19.03, 65.8533
1905, 19.04, 54.8201
1906, 19.05, 54.7626
1907, 19.06, 43.7642
1908, 19.07, 54.6479
1909, 19.08, 65.5088
1910, 19.09, 21.8134
1911, 19.1, 54.4764
1912, 19.11, 43.5356
1913, 19.12, 43.4901
1914, 19.13, 65.167
1915, 19.14, 32.5495
1916, 19.15, 43.354
1917, 19.16, 86.6176
1918, 19.17, 64.8954
1919, 19.18, 64.8278
1920, 19.19, 32.3802
1921, 19.2, 10.7822
1922, 19.21, 32.3128
1923, 19.22, 43.0389
1924, 19.23, 32.2457
1925, 19.24, 32.2122
1926, 19.25, 32.1787
1927, 19.26, 53.5756
1928, 19.27, 10.704
1929, 19.28, 21.3858
1930, 19.29, 32.0455
1931, 19.3, 74.6954
1932, 19.31, 21.3194
1933, 19.32, 63.8922
1934, 19.33, 21.2754
1935, 19.34, 42.5068
1936, 19.35, 21.2314
1937, 19.36, 53.0238
1938, 19.37, 52.9691
1939, 19.38, 95.2461
1940, 19.39, 74.0039
1941, 19.4, 31.6833
1942, 19.41, 52.7511
1943, 19.42, 73.7756
1944, 19.43, 31.5856
1945, 19.44, 21.0354
1946, 19.45, 52.5345
1947, 19.46, 41.9844
1948, 19.47, 41.9413
1949, 19.48, 20.9492
1950, 19.49, 41.8553
1951, 19.5, 52.2656
1952, 19.51, 31.3272
1953, 19.52, 31.2951
1954, 19.53, 31.2631
1955, 19.54, 41.6415
1956, 19.55, 31.1992
1957, 19.56, 31.1673
1958, 19.57, 41.514
1959, 19.58, 31.1037
1960, 19.59, 72.5013
1961, 19.6, 41.3871
1962, 19.61, 62.0174
1963, 19.62, 41.3028
1964, 19.63, 20.6304
1965, 19.64, 72.1328
1966, 19.65, 30.8826
1967, 19.66, 61.7025
1968, 19.67, 30.8199
1969, 19.68, 51.3143
1970, 19.69, 41.0098
1971, 19.7, 51.2103
1972, 19.71, 30.695
1973, 19.72, 30.6639
1974, 19.73, 30.6328
1975, 19.74, 51.003
1976, 19.75, 10.1903
1977, 19.76, 10.18
1978, 19.77, 30.5091
1979, 19.78, 30.4782
1980, 19.79, 91.3424
1981, 19.8, 30.4167
1982, 19.81, 40.5147
1983, 19.82, 60.7108
1984, 19.83, 50.5413
1985, 19.84, 30.2943
1986, 19.85, 50.4396
1987, 19.86, 80.6222
1988, 19.87, 30.2029
1989, 19.88, 20.115
1990, 19.89, 40.1896
1991, 19.9, 50.1866
1992, 19.91, 30.0817
1993, 19.92, 60.1031
1994, 19.93, 40.0285
1995, 19.94, 59.9826
1996, 19.95, 69.9096
1997, 19.96, 59.8626
1998, 19.97, 69.7698
1999, 19.98, 19.9143
2000, 19.99, 39.7887
2001, 20, 29.8117
2002, 20.01, 19.8546
2003, 20.02, 39.6696
2004, 20.03, 29.7225
2005, 20.04, 49.4882
2006, 20.05, 0
2007, 20.06, 49.3896
2008, 20.07, 9.86808
2009, 20.08, 49.2913
2010, 20.09, 19.6969
2011, 20.1, 0
2012, 20.11, 58.9733
2013, 20.12, 39.2765
2014, 20.13, 49.0469
2015, 20.14, 19.5993
2016, 20.15, 68.5294
2017, 20.16, 48.9011
2018, 20.17, 39.0821
2019, 20.18, 19.5217
2020, 20.19, 48.7559
2021, 20.2, 48.7077
2022, 20.21, 29.1957
2023, 20.22, 48.6114
2024, 20.23, 77.7014
2025, 20.24, 0
2026, 20.25, 48.4676
2027, 20.26, 29.0519
2028, 20.27, 29.0232
2029, 20.28, 57.9892
2030, 20.29, 57.9321
2031, 20.3, 48.2292
2032, 20.31, 0
2033, 20.32, 38.5075
2034, 20.33, 19.2348
2035, 20.34, 9.60796
2036, 20.35, 0
2037, 20.36, 57.5346
2038, 20.37, 47.8985
2039, 20.38, 66.9921
2040, 20.39, 66.9265
2041, 20.4, 28.6547
2042, 20.41, 38.1688
2043, 20.42, 9.53286
2044, 20.43, 19.0471
2045, 20.44, 47.5711
2046, 20.45, 19.0099
2047, 20.46, 9.49564
2048, 20.47, 9.48637
2049, 20.48, 66.3398
2050, 20.49, 37.8715
2051, 20.5, 56.7519
2052, 20.51, 56.6966
2053, 20.52, 9.44022
2054, 20.53, 37.7241
2055, 20.54, 28.2656
2056, 20.55, 28.2381
2057, 20.56, 47.0177
2058, 20.57, 9.39441
2059, 20.58, 28.1559
2060, 20.59, 56.257
2061, 20.6, 56.2025
2062, 20.61, 37.432
2063, 20.62, 0
2064, 20.63, 56.0392
2065, 20.64, 27.9925
2066, 20.65, 46.609
2067, 20.66, 37.2511
2068, 20.67, 27.9113
2069, 20.68, 37.1791
2070, 20.69, 74.2864
2071, 20.7, 46.3842
2072, 20.71, 46.3394
2073, 20.72, 27.7768
2074, 20.73, 46.2501
2075, 20.74, 27.7233
2076, 20.75, 101.554
2077, 20.76, 27.67
2078, 20.77, 55.2867
2079, 20.78, 55.2335
2080, 20.79, 64.3771
2081, 20.8, 45.9395
2082, 20.81, 18.3581
2083, 20.82, 91.7026
2084, 20.83, 36.6458
2085, 20.84, 9.15267
2086, 20.85, 18.2878
2087, 20.86, 36.5406
2088, 20.87, 27.3792
2089, 20.88, 63.8236
2090, 20.89, 63.7625
2091, 20.9, 9.10022
2092, 20.91, 36.3661
2093, 20.92, 18.1657
2094, 20.93, 36.2967
2095, 20.94, 36.262
2096, 20.95, 9.05686
2097, 20.96, 36.1929
2098, 20.97, 36.1584
2099, 20.98, 27.093
2100, 20.99, 18.0448
2101, 21, 54.0828
2102, 21.01, 36.0209
2103, 21.02, 26.99
2104, 21.03, 44.9406
2105, 21.04, 26.9387
2106, 21.05, 44.8553
2107, 21.06, 35.8502
2108, 21.07, 53.7242
2109, 21.08, 17.8911
2110, 21.09, 35.7483
2111, 21.1, 53.5716
2112, 21.11, 44.6008
2113, 21.12, 26.7351
2114, 21.13, 35.6131
2115, 21.14, 53.3692
2116, 21.15, 35.5458
2117, 21.16, 35.5123
2118, 21.17, 44.3484
2119, 21.18, 8.86132
2120, 21.19, 35.4118
2121, 21.2, 79.6015
2122, 21.21, 35.3451
2123, 21.22, 61.7957
2124, 21.23, 35.2786
2125, 21.24, 26.434
2126, 21.25, 44.0153
2127, 21.26, 8.79478
2128, 21.27, 43.9326
2129, 21.28, 43.8913
2130, 21.29, 52.6202
2131, 21.3, 52.5708
2132, 21.31, 52.5215
2133, 21.32, 52.4722
2134, 21.33, 8.73718
2135, 21.34, 43.645
2136, 21.35, 43.6041
2137, 21.36, 17.4253
2138, 21.37, 43.5226
2139, 21.38, 34.7855
2140, 21.39, 17.3765
2141, 21.4, 17.3603
2142, 21.41, 52.0322
2143, 21.42, 25.9918
2144, 21.43, 43.2793
2145, 21.44, 17.2956
2146, 21.45, 17.2795
2147, 21.46, 43.1585
2148, 21.47, 60.3656
2149, 21.48, 43.0782
2150, 21.49, 43.0381
2151, 21.5, 42.9981
2152, 21.51, 34.3665
2153, 21.52, 34.3346
2154, 21.53, 42.8784
2155, 21.54, 42.8386
2156, 21.55, 17.1196
2157, 21.56, 34.2074
2158, 21.57, 25.6318
2159, 21.58, 34.144
2160, 21.59, 34.1124
2161, 21.6, 25.5606
2162, 21.61, 25.537
2163, 21.62, 0
2164, 21.63, 25.4898
2165, 21.64, 16.9775
2166, 21.65, 33.9237
2167, 21.66, 59.3117
2168, 21.67, 16.9306
2169, 21.68, 42.2874
2170, 21.69, 33.7988
2171, 21.7, 42.2095
2172, 21.71, 50.6048
2173, 21.72, 33.7055
2174, 21.73, 16.8372
2175, 21.74, 25.2327
2176, 21.75, 58.8221
2177, 21.76, 67.1635
2178, 21.77, 25.1632
2179, 21.78, 33.5201
2180, 21.79, 33.4894
2181, 21.8, 25.094
2182, 21.81, 16.714
2183, 21.82, 16.6987
2184, 21.83, 25.0251
2185, 21.84, 8.33407
2186, 21.85, 8.32645
2187, 21.86, 8.31884
2188, 21.87, 41.5562
2189, 21.88, 24.9109
2190, 21.89, 24.8882
2191, 21.9, 0
2192, 21.91, 16.5619
2193, 21.92, 16.5468
2194, 21.93, 0
2195, 21.94, 8.25831
2196, 21.95, 8.25079
2197, 21.96, 16.4866
