dr, 0.1
#, r, count
1, 0, 108
2, 0.1, 926
3, 0.2, 2727
4, 0.3, 4161
5, 0.4, 4118
6, 0.5, 3358
7, 0.6, 2687
8, 0.7, 2251
9, 0.8, 1884
10, 0.9, 1620
11, 1, 1355
12, 1.1, 1199
13, 1.2, 996
14, 1.3, 896
15, 1.4, 828
16, 1.5, 712
17, 1.6, 665
18, 1.7, 591
19, 1.8, 537
20, 1.9, 480
21, 2, 453
22, 2.1, 417
23, 2.2, 376
24, 2.3, 350
25, 2.4, 344
26, 2.5, 308
27, 2.6, 268
28, 2.7, 264
29, 2.8, 214
30, 2.9, 228
31, 3, 219
32, 3.1, 172
33, 3.2, 165
34, 3.3, 174
35, 3.4, 160
36, 3.5, 144
37, 3.6, 135
38, 3.7, 133
39, 3.8, 118
40, 3.9, 118
41, 4, 97
42, 4.1, 113
43, 4.2, 94
44, 4.3, 91
45, 4.4, 98
46, 4.5, 91
47, 4.6, 96
48, 4.7, 70
49, 4.8, 78
50, 4.9, 71
51, 5, 73
52, 5.1, 65
53, 5.2, 62
54, 5.3, 55
55, 5.4, 58
56, 5.5, 68
57, 5.6, 63
58, 5.7, 53
59, 5.8, 48
60, 5.9, 50
61, 6, 53
62, 6.1, 37
63, 6.2, 34
64, 6.3, 41
65, 6.4, 36
66, 6.5, 38
67, 6.6, 32
68, 6.7, 31
69, 6.8, 31
70, 6.9, 35
71, 7, 28
72, 7.1, 31
73, 7.2, 27
74, 7.3, 26
75, 7.4, 28
76, 7.5, 33
77, 7.6, 26
78, 7.7, 31
79, 7.8, 29
80, 7.9, 26
81, 8, 21
82, 8.1, 28
83, 8.2, 17
84, 8.3, 26
85, 8.4, 13
86, 8.5, 22
87, 8.6, 27
88, 8.7, 23
89, 8.8, 20
90, 8.9, 19
91, 9, 14
92, 9.1, 20
93, 9.2, 10
94, 9.3, 13
95, 9.4, 9
96, 9.5, 22
97, 9.6, 8
98, 9.7, 9
99, 9.8, 5
100, 9.9, 16
101, 10, 7
102, 10.1, 14
103, 10.2, 14
104, 10.3, 10
105, 10.4, 5
106, 10.5, 9
107, 10.6, 12
108, 10.7, 8
109, 10.8, 15
110, 10.9, 12
111, 11, 12
112, 11.1, 5
113, 11.2, 7
114, 11.3, 7
115, 11.4, 8
116, 11.5, 5
117, 11.6, 5
118, 11.7, 8
119, 11.8, 6
120, 11.9, 6
121, 12, 9
122, 12.1, 8
123, 12.2, 9
124, 12.3, 11
125, 12.4, 9
126, 12.5, 7
127, 12.6, 11
128, 12.7, 4
129, 12.8, 9
130, 12.9, 5
131, 13, 7
132, 13.1, 1
133, 13.2, 7
134, 13.3, 6
135, 13.4, 7
136, 13.5, 1
137, 13.6, 5
138, 13.7, 7
139, 13.8, 7
140, 13.9, 5
141, 14, 6
142, 14.1, 4
143, 14.2, 6
144, 14.3, 4
145, 14.4, 2
146, 14.5, 5
147, 14.6, 1
148, 14.7, 3
149, 14.8, 2
150, 14.9, 3
151, 15, 3
152, 15.1, 3
153, 15.2, 2
154, 15.3, 5
155, 15.4, 2
156, 15.5, 4
157, 15.6, 2
158, 15.7, 2
159, 15.8, 4
160, 15.9, 3
161, 16, 3
162, 16.1, 4
163, 16.2, 3
164, 16.3, 3
165, 16.4, 5
166, 16.5, 5
167, 16.6, 5
168, 16.7, 2
169, 16.8, 4
170, 16.9, 2
171, 17, 1
172, 17.1, 2
173, 17.2, 2
174, 17.3, 3
175, 17.4, 4
176, 17.5, 5
177, 17.6, 4
178, 17.7, 1
179, 17.8, 1
180, 17.9, 5
181, 18, 0
182, 18.1, 1
183, 18.2, 1
184, 18.3, 0
185, 18.4, 1
186, 18.5, 2
187, 18.6, 3
188, 18.7, 4
189, 18.8, 0
190, 18.9, 3
191, 19, 4
192, 19.1, 1
193, 19.2, 2
194, 19.3, 0
195, 19.4, 2
196, 19.5, 0
197, 19.6, 0
198, 19.7, 3
199, 19.8, 0
200, 19.9, 0
201, 20, 1
202, 20.1, 1
203, 20.2, 2
204, 20.3, 1
205, 20.4, 0
206, 20.5, 0
207, 20.6, 0
208, 20.7, 1
209, 20.8, 2
210, 20.9, 2
211, 21, 2
212, 21.1, 1
213, 21.2, 3
214, 21.3, 1
215, 21.4, 2
216, 21.5, 0
217, 21.6, 1
218, 21.7, 1
219, 21.8, 1
220, 21.9, 0
221, 22, 1
222, 22.1, 2
223, 22.2, 3
224, 22.3, 1
225, 22.4, 3
226, 22.5, 0
227, 22.6, 0
228, 22.7, 1
229, 22.8, 1
230, 22.9, 2
231, 23, 2
232, 23.1, 0
233, 23.2, 3
234, 23.3, 2
235, 23.4, 0
236, 23.5, 3
237, 23.6, 1
238, 23.7, 1
239, 23.8, 1
240, 23.9, 0
241, 24, 1
242, 24.1, 1
243, 24.2, 0
244, 24.3, 0
245, 24.4, 1
246, 24.5, 0
247, 24.6, 1
248, 24.7, 0
249, 24.8, 1
250, 24.9, 1
251, 25, 0
252, 25.1, 1
253, 25.2, 1
254, 25.3, 1
255, 25.4, 0
256, 25.5, 0
257, 25.6, 1
258, 25.7, 0
259, 25.8, 2
260, 25.9, 0
261, 26, 1
262, 26.1, 0
263, 26.2, 0
264, 26.3, 3
265, 26.4, 0
266, 26.5, 2
267, 26.6, 0
268, 26.7, 0
269, 26.8, 0
270, 26.9, 2
271, 27, 1
272, 27.1, 0
273, 27.2, 0
274, 27.3, 0
275, 27.4, 1
276, 27.5, 0
277, 27.6, 2
278, 27.7, 0
279, 27.8, 0
280, 27.9, 2
281, 28, 0
282, 28.1, 0
283, 28.2, 0
284, 28.3, 1
285, 28.4, 0
286, 28.5, 2
287, 28.6, 1
288, 28.7, 0
289, 28.8, 0
290, 28.9, 1
291, 29, 0
292, 29.1, 2
293, 29.2, 5
294, 29.3, 0
295, 29.4, 0
296, 29.5, 1
297, 29.6, 1
298, 29.7, 3
299, 29.8, 1
300, 29.9, 0
301, 30, 1
302, 30.1, 0
303, 30.2, 0
304, 30.3, 0
305, 30.4, 1
306, 30.5, 0
307, 30.6, 0
308, 30.7, 1
309, 30.8, 0
310, 30.9, 2
311, 31, 2
312, 31.1, 2
313, 31.2, 0
314, 31.3, 0
315, 31.4, 1
316, 31.5, 2
317, 31.6, 0
318, 31.7, 1
319, 31.8, 0
320, 31.9, 0
321, 32, 0
322, 32.1, 0
323, 32.2, 0
324, 32.3, 0
325, 32.4, 0
326, 32.5, 0
327, 32.6, 0
328, 32.7, 0
329, 32.8, 3
330, 32.9, 0
331, 33, 1
332, 33.1, 0
333, 33.2, 0
334, 33.3, 1
335, 33.4, 0
336, 33.5, 0
337, 33.6, 0
338, 33.7, 1
339, 33.8, 0
340, 33.9, 0
341, 34, 0
342, 34.1, 0
343, 34.2, 0
344, 34.3, 0
345, 34.4, 1
346, 34.5, 0
347, 34.6, 0
348, 34.7, 0
349, 34.8, 1
350, 34.9, 0
351, 35, 0
352, 35.1, 0
353, 35.2, 0
354, 35.3, 1
355, 35.4, 2
356, 35.5, 1
357, 35.6, 0
358, 35.7, 0
359, 35.8, 0
360, 35.9, 0
361, 36, 1
362, 36.1, 1
363, 36.2, 0
364, 36.3, 0
365, 36.4, 1
366, 36.5, 1
367, 36.6, 1
368, 36.7, 0
369, 36.8, 1
370, 36.9, 0
371, 37, 0
372, 37.1, 2
373, 37.2, 0
374, 37.3, 0
375, 37.4, 1
376, 37.5, 0
377, 37.6, 1
378, 37.7, 0
379, 37.8, 0
380, 37.9, 0
381, 38, 0
382, 38.1, 0
383, 38.2, 0
384, 38.3, 1
385, 38.4, 1
386, 38.5, 0
387, 38.6, 0
388, 38.7, 0
389, 38.8, 1
390, 38.9, 0
391, 39, 0
392, 39.1, 0
393, 39.2, 2
394, 39.3, 0
395, 39.4, 0
396, 39.5, 0
397, 39.6, 0
398, 39.7, 1
399, 39.8, 0
400, 39.9, 0
401, 40, 1
402, 40.1, 0
403, 40.2, 0
404, 40.3, 1
405, 40.4, 0
406, 40.5, 0
407, 40.6, 1
408, 40.7, 0
409, 40.8, 1
410, 40.9, 0
411, 41, 1
412, 41.1, 0
413, 41.2, 0
414, 41.3, 0
415, 41.4, 1
416, 41.5, 0
417, 41.6, 0
418, 41.7, 1
419, 41.8, 1
420, 41.9, 0
421, 42, 1
422, 42.1, 0
423, 42.2, 0
424, 42.3, 0
425, 42.4, 0
426, 42.5, 1
427, 42.6, 0
428, 42.7, 0
429, 42.8, 0
430, 42.9, 0
431, 43, 0
432, 43.1, 0
433, 43.2, 0
434, 43.3, 1
435, 43.4, 0
436, 43.5, 1
437, 43.6, 0
438, 43.7, 0
439, 43.8, 0
440, 43.9, 1
441, 44, 1
442, 44.1, 0
443, 44.2, 0
444, 44.3, 0
445, 44.4, 0
446, 44.5, 0
447, 44.6, 0
448, 44.7, 0
449, 44.8, 0
450, 44.9, 0
451, 45, 2
452, 45.1, 0
453, 45.2, 0
454, 45.3, 0
455, 45.4, 0
456, 45.5, 0
457, 45.6, 1
458, 45.7, 0
459, 45.8, 0
460, 45.9, 1
461, 46, 0
462, 46.1, 0
463, 46.2, 0
464, 46.3, 0
465, 46.4, 0
466, 46.5, 0
467, 46.6, 1
468, 46.7, 0
469, 46.8, 1
470, 46.9, 0
471, 47, 0
472, 47.1, 0
473, 47.2, 0
474, 47.3, 0
475, 47.4, 0
476, 47.5, 1
477, 47.6, 0
478, 47.7, 0
479, 47.8, 0
480, 47.9, 1
481, 48, 0
482, 48.1, 0
483, 48.2, 0
484, 48.3, 0
485, 48.4, 0
486, 48.5, 0
487, 48.6, 0
488, 48.7, 1
489, 48.8, 0
490, 48.9, 0
491, 49, 0
492, 49.1, 1
493, 49.2, 1
494, 49.3, 0
495, 49.4, 0
496, 49.5, 0
497, 49.6, 0
498, 49.7, 0
499, 49.8, 0
500, 49.9, 1
501, 50, 0
502, 50.1, 0
503, 50.2, 0
504, 50.3, 0
505, 50.4, 0
506, 50.5, 0
507, 50.6, 1
508, 50.7, 0
509, 50.8, 0
510, 50.9, 0
511, 51, 0
512, 51.1, 0
513, 51.2, 0
514, 51.3, 0
515, 51.4, 1
516, 51.5, 0
517, 51.6, 0
518, 51.7, 0
519, 51.8, 0
520, 51.9, 0
521, 52, 0
522, 52.1, 0
523, 52.2, 0
524, 52.3, 0
525, 52.4, 1
526, 52.5, 0
527, 52.6, 0
528, 52.7, 0
529, 52.8, 0
530, 52.9, 0
531, 53, 0
532, 53.1, 1
533, 53.2, 1
534, 53.3, 1
535, 53.4, 2
536, 53.5, 1
537, 53.6, 0
538, 53.7, 0
539, 53.8, 0
540, 53.9, 1
541, 54, 0
542, 54.1, 0
543, 54.2, 0
544, 54.3, 0
545, 54.4, 0
546, 54.5, 0
547, 54.6, 0
548, 54.7, 0
549, 54.8, 0
550, 54.9, 0
551, 55, 1
552, 55.1, 0
553, 55.2, 0
554, 55.3, 0
555, 55.4, 0
556, 55.5, 0
557, 55.6, 0
558, 55.7, 1
559, 55.8, 0
560, 55.9, 0
561, 56, 0
562, 56.1, 0
563, 56.2, 0
564, 56.3, 0
565, 56.4, 0
566, 56.5, 0
567, 56.6, 1
568, 56.7, 0
569, 56.8, 0
570, 56.9, 0
571, 57, 0
572, 57.1, 0
573, 57.2, 0
574, 57.3, 0
575, 57.4, 0
576, 57.5, 0
577, 57.6, 0
578, 57.7, 0
579, 57.8, 0
580, 57.9, 0
581, 58, 0
582, 58.1, 0
583, 58.2, 0
584, 58.3, 0
585, 58.4, 1
586, 58.5, 0
587, 58.6, 0
588, 58.7, 0
589, 58.8, 0
590, 58.9, 0
591, 59, 0
592, 59.1, 0
593, 59.2, 0
594, 59.3, 0
595, 59.4, 0
596, 59.5, 1
597, 59.6, 0
598, 59.7, 0
599, 59.8, 0
600, 59.9, 0
601, 60, 0
602, 60.1, 0
603, 60.2, 0
604, 60.3, 0
605, 60.4, 0
606, 60.5, 0
607, 60.6, 0
608, 60.7, 0
609, 60.8, 0
610, 60.9, 0
611, 61, 0
612, 61.1, 0
613, 61.2, 0
614, 61.3, 0
615, 61.4, 0
616, 61.5, 0
617, 61.6, 0
618, 61.7, 1
619, 61.8, 1
620, 61.9, 0
621, 62, 0
622, 62.1, 0
623, 62.2, 0
624, 62.3, 0
625, 62.4, 1
626, 62.5, 1
627, 62.6, 0
628, 62.7, 0
629, 62.8, 0
630, 62.9, 0
631, 63, 0
632, 63.1, 0
633, 63.2, 0
634, 63.3, 0
635, 63.4, 0
636, 63.5, 0
637, 63.6, 0
638, 63.7, 0
639, 63.8, 0
640, 63.9, 0
641, 64, 0
642, 64.1, 0
643, 64.2, 0
644, 64.3, 0
645, 64.4, 0
646, 64.5, 0
647, 64.6, 0
648, 64.7, 1
649, 64.8, 0
650, 64.9, 0
651, 65, 0
652, 65.1, 0
653, 65.2, 0
654, 65.3, 0
655, 65.4, 0
656, 65.5, 0
657, 65.6, 0
658, 65.7, 0
659, 65.8, 0
660, 65.9, 0
661, 66, 0
662, 66.1, 0
663, 66.2, 0
664, 66.3, 0
665, 66.4, 0
666, 66.5, 0
667, 66.6, 0
668, 66.7, 0
669, 66.8, 0
670, 66.9, 1
671, 67, 0
672, 67.1, 0
673, 67.2, 0
674, 67.3, 0
675, 67.4, 0
676, 67.5, 0
677, 67.6, 0
678, 67.7, 0
679, 67.8, 0
680, 67.9, 0
681, 68, 0
682, 68.1, 0
683, 68.2, 0
684, 68.3, 0
685, 68.4, 0
686, 68.5, 0
687, 68.6, 0
688, 68.7, 0
689, 68.8, 0
690, 68.9, 0
691, 69, 0
692, 69.1, 0
693, 69.2, 0
694, 69.3, 0
695, 69.4, 0
696, 69.5, 0
697, 69.6, 0
698, 69.7, 0
699, 69.8, 0
700, 69.9, 0
701, 70, 0
702, 70.1, 0
703, 70.2, 0
704, 70.3, 0
705, 70.4, 0
706, 70.5, 0
707, 70.6, 0
708, 70.7, 0
709, 70.8, 0
710, 70.9, 0
711, 71, 0
712, 71.1, 0
713, 71.2, 0
714, 71.3, 0
715, 71.4, 0
716, 71.5, 0
717, 71.6, 0
718, 71.7, 0
719, 71.8, 1
720, 71.9, 0
721, 72, 0
722, 72.1, 0
723, 72.2, 0
724, 72.3, 0
725, 72.4, 0
726, 72.5, 0
727, 72.6, 0
728, 72.7, 0
729, 72.8, 0
730, 72.9, 0
731, 73, 0
732, 73.1, 0
733, 73.2, 0
734, 73.3, 0
735, 73.4, 0
736, 73.5, 0
737, 73.6, 0
738, 73.7, 0
739, 73.8, 0
740, 73.9, 0
741, 74, 0
742, 74.1, 0
743, 74.2, 0
744, 74.3, 0
745, 74.4, 0
746, 74.5, 0
747, 74.6, 0
748, 74.7, 0
749, 74.8, 0
750, 74.9, 0
751, 75, 0
752, 75.1, 0
753, 75.2, 0
754, 75.3, 0
755, 75.4, 0
756, 75.5, 0
757, 75.6, 0
758, 75.7, 0
759, 75.8, 0
760, 75.9, 0
761, 76, 0
762, 76.1, 0
763, 76.2, 0
764, 76.3, 0
765, 76.4, 0
766, 76.5, 0
767, 76.6, 0
768, 76.7, 0
769, 76.8, 0
770, 76.9, 0
771, 77, 0
772, 77.1, 0
773, 77.2, 0
774, 77.3, 0
775, 77.4, 0
776, 77.5, 0
777, 77.6, 1
778, 77.7, 0
779, 77.8, 0
780, 77.9, 0
781, 78, 0
782, 78.1, 0
783, 78.2, 0
784, 78.3, 0
785, 78.4, 0
786, 78.5, 0
787, 78.6, 0
788, 78.7, 0
789, 78.8, 1
790, 78.9, 0
791, 79, 0
792, 79.1, 0
793, 79.2, 0
794, 79.3, 0
795, 79.4, 0
796, 79.5, 0
797, 79.6, 0
798, 79.7, 0
799, 79.8, 0
800, 79.9, 0
801, 80, 0
802, 80.1, 0
803, 80.2, 0
804, 80.3, 0
805, 80.4, 0
806, 80.5, 0
807, 80.6, 0
808, 80.7, 0
809, 80.8, 0
810, 80.9, 0
811, 81, 0
812, 81.1, 0
813, 81.2, 0
814, 81.3, 0
815, 81.4, 0
816, 81.5, 0
817, 81.6, 0
818, 81.7, 0
819, 81.8, 0
820, 81.9, 0
821, 82, 0
822, 82.1, 0
823, 82.2, 0
824, 82.3, 0
825, 82.4, 0
826, 82.5, 0
827, 82.6, 0
828, 82.7, 0
829, 82.8, 0
830, 82.9, 0
831, 83, 0
832, 83.1, 0
833, 83.2, 0
834, 83.3, 0
835, 83.4, 0
836, 83.5, 0
837, 83.6, 0
838, 83.7, 0
839, 83.8, 0
840, 83.9, 0
841, 84, 0
842, 84.1, 0
843, 84.2, 0
844, 84.3, 0
845, 84.4, 0
846, 84.5, 0
847, 84.6, 0
848, 84.7, 0
849, 84.8, 0
850, 84.9, 0
851, 85, 0
852, 85.1, 0
853, 85.2, 0
854, 85.3, 0
855, 85.4, 0
856, 85.5, 0
857, 85.6, 0
858, 85.7, 0
859, 85.8, 0
860, 85.9, 0
861, 86, 0
862, 86.1, 0
863, 86.2, 0
864, 86.3, 0
865, 86.4, 0
866, 86.5, 0
867, 86.6, 0
868, 86.7, 0
869, 86.8, 0
870, 86.9, 0
871, 87, 0
872, 87.1, 0
873, 87.2, 0
874, 87.3, 0
875, 87.4, 0
876, 87.5, 0
877, 87.6, 0
878, 87.7, 0
879, 87.8, 0
880, 87.9, 0
881, 88, 0
882, 88.1, 0
883, 88.2, 0
884, 88.3, 0
885, 88.4, 0
886, 88.5, 0
887, 88.6, 0
888, 88.7, 0
889, 88.8, 0
890, 88.9, 0
891, 89, 0
892, 89.1, 0
893, 89.2, 0
894, 89.3, 0
895, 89.4, 0
896, 89.5, 0
897, 89.6, 0
898, 89.7, 0
899, 89.8, 0
900, 89.9, 0
901, 90, 0
902, 90.1, 0
903, 90.2, 0
904, 90.3, 0
905, 90.4, 0
906, 90.5, 0
907, 90.6, 0
908, 90.7, 0
909, 90.8, 0
910, 90.9, 0
911, 91, 0
912, 91.1, 0
913, 91.2, 0
914, 91.3, 0
915, 91.4, 0
916, 91.5, 0
917, 91.6, 0
918, 91.7, 0
919, 91.8, 0
920, 91.9, 0
921, 92, 0
922, 92.1, 0
923, 92.2, 0
924, 92.3, 0
925, 92.4, 0
926, 92.5, 0
927, 92.6, 0
928, 92.7, 0
929, 92.8, 0
930, 92.9, 0
931, 93, 0
932, 93.1, 0
933, 93.2, 0
934, 93.3, 0
935, 93.4, 0
936, 93.5, 0
937, 93.6, 0
938, 93.7, 0
939, 93.8, 0
940, 93.9, 0
941, 94, 0
942, 94.1, 0
943, 94.2, 0
944, 94.3, 0
945, 94.4, 0
946, 94.5, 0
947, 94.6, 0
948, 94.7, 0
949, 94.8, 0
950, 94.9, 0
951, 95, 0
952, 95.1, 0
953, 95.2, 0
954, 95.3, 0
955, 95.4, 0
956, 95.5, 0
957, 95.6, 0
958, 95.7, 0
959, 95.8, 0
960, 95.9, 0
961, 96, 0
962, 96.1, 0
963, 96.2, 0
964, 96.3, 0
965, 96.4, 0
966, 96.5, 0
967, 96.6, 0
968, 96.7, 0
969, 96.8, 0
970, 96.9, 0
971, 97, 0
972, 97.1, 0
973, 97.2, 0
974, 97.3, 0
975, 97.4, 0
976, 97.5, 0
977, 97.6, 0
978, 97.7, 0
979, 97.8, 0
980, 97.9, 0
981, 98, 0
982, 98.1, 0
983, 98.2, 0
984, 98.3, 0
985, 98.4, 0
986, 98.5, 0
987, 98.6, 0
988, 98.7, 0
989, 98.8, 0
990, 98.9, 0
991, 99, 0
992, 99.1, 0
993, 99.2, 0
994, 99.3, 0
995, 99.4, 0
996, 99.5, 0
997, 99.6, 0
998, 99.7, 1
